"Time","TrialNumber","ConditionID","Distance","Sphere.Side","StartAngle","MeasuredAngle","HMDHeight","ParticipantNumber"
104.58,1,31,12,"Left",272.75,1.31,1.541,"01"
120.2,2,56,20,"Left",205.92,-8.65,1.542,"01"
127.65,3,4,2,"Right",359.47,-0.53,1.542,"01"
137.84,4,2,2,"Left",123.26,8.96,1.541,"01"
161.12,5,28,10,"Right",134.82,-8.21,1.543,"01"
175.74,6,34,12,"Right",262.85,4.82,1.545,"01"
185.8,7,8,4,"Left",201.7,-12.09,1.547,"01"
199.5,8,10,4,"Right",165.74,-9.57,1.54,"01"
210.89,9,21,8,"Left",130.95,-5.02,1.541,"01"
221.13,10,3,2,"Left",23.11,7.38,1.547,"01"
231.14,11,1,2,"Left",249.22,11.76,1.547,"01"
240.83,12,43,16,"Left",277.54,-1.01,1.545,"01"
254.27,13,41,14,"Right",114.57,-4.91,1.539,"01"
267.33,14,49,18,"Left",293.06,-7.84,1.548,"01"
283.65,15,40,14,"Right",270.94,-10.33,1.544,"01"
298.33,16,16,6,"Right",331.7,-5.51,1.547,"01"
302.85,16,16,6,"Right",331.7,-1.63,1.542,"01"
312.84,17,36,12,"Right",169.37,1.51,1.544,"01"
323.55,18,38,14,"Left",327.09,-7.9,1.545,"01"
334.86,19,51,18,"Left",203,-9.34,1.542,"01"
340.89,20,26,10,"Left",199.47,-10.62,1.546,"01"
352.64,21,19,8,"Left",40.48,-8.79,1.542,"01"
362.69,22,17,6,"Right",202.85,-2.08,1.545,"01"
373.15,23,5,2,"Right",164.16,-6.12,1.55,"01"
389.61,24,59,20,"Right",237.01,-1.7,1.545,"01"
403.47,25,39,14,"Left",43.6,-14.7,1.542,"01"
413.1,26,13,6,"Left",73.68,-17.36,1.544,"01"
422.94,27,32,12,"Left",243.77,-10.95,1.546,"01"
437.42,28,53,18,"Right",203.56,-1.19,1.544,"01"
444.9,29,52,18,"Right",301.01,5.39,1.544,"01"
454.2,30,6,2,"Right",313.97,-1.15,1.546,"01"
455.24,30,6,2,"Right",313.97,-1.15,1.545,"01"
463.8,31,35,12,"Right",13.46,5.09,1.543,"01"
472.8,32,7,4,"Left",151.25,-0.69,1.544,"01"
477.95,33,18,6,"Right",356.48,-3.52,1.546,"01"
489.77,34,58,20,"Right",167.56,-7.56,1.546,"01"
502.29,35,14,6,"Left",354.47,-7.21,1.54,"01"
510.81,36,37,14,"Left",106.26,-8.11,1.54,"01"
516.9,37,20,8,"Left",219.71,-6.69,1.541,"01"
523.55,38,12,4,"Right",321.44,-1.18,1.545,"01"
532.59,39,23,8,"Right",101.49,2.65,1.543,"01"
542.71,40,48,16,"Right",358.68,-1.32,1.541,"01"
551.03,41,44,16,"Left",145.5,-5.92,1.543,"01"
555.88,42,46,16,"Right",348.2,-11.32,1.545,"01"
567.49,43,24,8,"Right",168.24,-7.22,1.543,"01"
574.76,44,22,8,"Right",325.47,-0.15,1.544,"01"
582.85,45,11,4,"Right",61.27,-0.74,1.544,"01"
590.7,46,27,10,"Left",114.4,3.34,1.541,"01"
599.73,47,50,18,"Left",325.79,-2.79,1.537,"01"
608.47,48,54,18,"Right",247.96,-10.51,1.54,"01"
615.52,49,33,12,"Left",218.26,-10.99,1.539,"01"
621.26,50,25,10,"Left",158.89,2.48,1.54,"01"
627.54,51,47,16,"Right",323.19,0.71,1.541,"01"
634.54,52,42,14,"Right",187.71,-3.63,1.54,"01"
641.25,53,30,10,"Right",322.97,2.45,1.55,"01"
651.42,54,29,10,"Right",327.33,-0.31,1.545,"01"
658.65,55,55,20,"Left",217.2,-6.64,1.547,"01"
667.09,56,9,4,"Left",69.9,7.61,1.541,"01"
669.32,56,9,4,"Left",69.9,6.57,1.54,"01"
679.79,57,15,6,"Left",41.76,-16.81,1.54,"01"
689.38,58,57,20,"Left",122.47,-7.33,1.539,"01"
696.55,59,45,16,"Left",79.67,-5.74,1.538,"01"
705.55,60,60,20,"Right",61.14,4.11,1.544,"01"
709.92,60,60,20,"Right",61.14,-6,1.542,"01"
717.59,60,60,20,"Right",61.14,5.38,1.544,"01"
75.99,2,55,20,"Left",100.4,1.06,1.565,"02"
90.18,3,2,2,"Left",343.51,4.91,1.573,"02"
97.18,4,56,20,"Left",141.01,0.37,1.573,"02"
106.94,5,16,6,"Right",167.16,-8.13,1.573,"02"
118.17,6,34,12,"Right",263.8,-7.96,1.569,"02"
129.23,7,58,20,"Right",340.94,-12.74,1.575,"02"
138.2,8,45,16,"Left",139.03,-2.75,1.568,"02"
144.57,9,35,12,"Right",290.39,-4.93,1.572,"02"
153.85,10,49,18,"Left",344.37,-5.55,1.565,"02"
164.04,11,14,6,"Left",359.22,-6.97,1.563,"02"
170.68,12,39,14,"Left",130.26,-12.84,1.573,"02"
179.17,13,10,4,"Right",206.66,-8.07,1.575,"02"
185,14,17,6,"Right",317.5,-16.79,1.57,"02"
191.11,15,6,2,"Right",338.7,-5.83,1.569,"02"
198.92,16,32,12,"Left",224.31,-2.69,1.575,"02"
206.96,17,33,12,"Left",133.11,-8.26,1.568,"02"
217.56,18,1,2,"Left",335.3,-0.48,1.574,"02"
222.05,19,4,2,"Right",342.81,-5.81,1.577,"02"
235.92,20,30,10,"Right",103.49,-10.03,1.574,"02"
242.25,21,9,4,"Left",301.31,-4.18,1.573,"02"
247.03,22,3,2,"Left",287.03,1.11,1.578,"02"
259.46,23,12,4,"Right",303.52,-13.22,1.568,"02"
271.43,24,22,8,"Right",167.91,-13.5,1.572,"02"
280.82,25,46,16,"Right",332.91,-16.07,1.571,"02"
282.08,25,46,16,"Right",332.91,-16.07,1.57,"02"
293.94,26,42,14,"Right",275.47,-18.33,1.575,"02"
298.62,27,26,10,"Left",232.91,-15.04,1.569,"02"
307.63,28,29,10,"Right",191.71,-13.1,1.574,"02"
316.49,29,44,16,"Left",299.87,-13.52,1.569,"02"
320.81,30,19,8,"Left",162.72,-5.68,1.572,"02"
330.61,31,54,18,"Right",9.39,-15.62,1.566,"02"
342.6,32,7,4,"Left",0.97,-7.08,1.567,"02"
354.58,33,40,14,"Right",145.1,-17.3,1.568,"02"
362.78,34,20,8,"Left",319.89,-15.57,1.564,"02"
372.42,35,21,8,"Left",274.11,-12.4,1.568,"02"
379.52,36,8,4,"Left",46.57,-6.26,1.568,"02"
390.09,37,47,16,"Right",354.33,-18.21,1.565,"02"
407.65,38,41,14,"Right",288.69,-20.46,1.567,"02"
422.19,39,52,18,"Right",204.25,-12.61,1.563,"02"
428.2,40,23,8,"Right",332.17,-18.05,1.562,"02"
438.96,41,24,8,"Right",155.52,-14.48,1.561,"02"
448.96,42,15,6,"Left",353.18,-8.29,1.569,"02"
458.89,43,43,16,"Left",355.53,-17.79,1.562,"02"
466.47,44,50,18,"Left",282.86,-14.38,1.568,"02"
474.19,45,13,6,"Left",83.18,-2.32,1.57,"02"
475.64,45,13,6,"Left",83.18,-2.32,1.568,"02"
483.82,46,27,10,"Left",326.19,-12.55,1.567,"02"
490.78,47,25,10,"Left",329.21,-9,1.566,"02"
498.67,48,37,14,"Left",31.12,-13.04,1.567,"02"
505.55,49,28,10,"Right",239.29,-11.74,1.573,"02"
511.95,50,5,2,"Right",257.28,-4.7,1.569,"02"
517,51,18,6,"Right",47.9,-10.1,1.57,"02"
522.96,52,38,14,"Left",221.85,-11.75,1.57,"02"
530.53,53,60,20,"Right",221.24,-11.54,1.576,"02"
536.07,54,36,12,"Right",81.13,-14.22,1.569,"02"
544.07,55,57,20,"Left",285.42,-14.34,1.573,"02"
551.58,56,53,18,"Right",196.84,-14,1.564,"02"
562.21,57,48,16,"Right",156.88,-14.92,1.568,"02"
570,58,59,20,"Right",175.6,-10.47,1.569,"02"
578.08,59,11,4,"Right",168.1,1.63,1.571,"02"
584.4,60,31,12,"Left",251.69,-9.64,1.572,"02"
586.39,60,31,12,"Left",251.69,-9.64,1.569,"02"
588.32,60,31,12,"Left",251.69,-9.64,1.57,"02"
592.69,60,31,12,"Left",251.69,-6.29,1.566,"02"
57.68,2,27,10,"Left",222.17,-14.63,1.756,"03"
65.55,3,4,2,"Right",281.98,3.04,1.754,"03"
85.02,4,17,6,"Right",208.55,-9.02,1.752,"03"
111.23,5,44,16,"Left",108.59,-13.15,1.75,"03"
133.52,6,8,4,"Left",28.57,-4.87,1.757,"03"
146.05,7,7,4,"Left",38.2,0.4,1.761,"03"
158.68,8,18,6,"Right",233.12,-5.81,1.756,"03"
171.83,9,6,2,"Right",127.85,1.84,1.76,"03"
183.99,10,42,14,"Right",358.3,-10.3,1.764,"03"
204.54,11,50,18,"Left",99.76,-9.14,1.76,"03"
210.63,12,41,14,"Right",239.55,-8.12,1.757,"03"
239.56,13,45,16,"Left",323.73,-13.47,1.757,"03"
256.94,14,22,8,"Right",138.55,-8.46,1.743,"03"
275.57,15,38,14,"Left",132.25,-9.36,1.754,"03"
290.65,16,13,6,"Left",123.38,-7.47,1.763,"03"
300.37,17,55,20,"Left",47.71,-5.6,1.758,"03"
309.75,18,47,16,"Right",66.67,-6.21,1.751,"03"
321.64,19,32,12,"Left",272.29,-5.17,1.761,"03"
330.31,20,59,20,"Right",7.31,-0.57,1.753,"03"
342.27,21,53,18,"Right",194.59,-10.47,1.751,"03"
351.7,22,54,18,"Right",169.6,-11.69,1.753,"03"
364.57,23,15,6,"Left",113.42,-7.45,1.767,"03"
371.95,24,2,2,"Left",134.01,2.41,1.764,"03"
379.38,25,40,14,"Right",3.89,-11.05,1.756,"03"
387.08,26,35,12,"Right",321.29,-10.6,1.754,"03"
397.61,27,16,6,"Right",297.85,-14.04,1.754,"03"
409.42,28,58,20,"Right",328.57,-8.88,1.755,"03"
417.47,29,52,18,"Right",331.13,-13.01,1.747,"03"
429.33,30,12,4,"Right",146.43,-7.21,1.759,"03"
438.65,31,24,8,"Right",309.81,-8.07,1.751,"03"
448.23,32,51,18,"Left",260.01,-13.03,1.749,"03"
455.03,33,39,14,"Left",105.74,-10.74,1.761,"03"
462.95,34,1,2,"Left",357.79,1.61,1.757,"03"
472.32,35,28,10,"Right",177.25,-13.82,1.751,"03"
484.81,36,20,8,"Left",97.67,-4.26,1.759,"03"
491.64,37,56,20,"Left",130.8,-5.28,1.758,"03"
496.41,38,48,16,"Right",12.05,-5.23,1.755,"03"
500.33,39,57,20,"Left",274.05,-7.48,1.752,"03"
508.58,40,30,10,"Right",19.67,-5.21,1.765,"03"
522.74,41,21,8,"Left",232.31,-12.88,1.76,"03"
532.36,42,11,4,"Right",128.36,1.71,1.757,"03"
547.51,43,26,10,"Left",345.07,-5.5,1.758,"03"
555.15,44,49,18,"Left",257.87,-11.64,1.766,"03"
559.14,45,33,12,"Left",231.07,-12.69,1.766,"03"
564.61,46,34,12,"Right",31.78,-7.9,1.753,"03"
573.15,47,43,16,"Left",342.25,-10.34,1.747,"03"
580.1,48,46,16,"Right",65.61,-5.42,1.749,"03"
584.77,49,23,8,"Right",284.22,-4.72,1.755,"03"
589.54,50,9,4,"Left",201.26,-2.57,1.761,"03"
600.42,51,25,10,"Left",16.86,-9.59,1.765,"03"
612.05,52,3,2,"Left",314.27,2.36,1.737,"03"
616.72,53,60,20,"Right",350.3,-10.23,1.751,"03"
622.62,54,5,2,"Right",266.75,-0.43,1.756,"03"
627.86,55,36,12,"Right",29.83,-7.18,1.759,"03"
634.25,56,29,10,"Right",92.12,-10.52,1.758,"03"
645.56,57,10,4,"Right",108.74,-3.98,1.744,"03"
650.37,58,31,12,"Left",147.98,-8.64,1.76,"03"
653.61,59,37,14,"Left",204.65,-12.16,1.757,"03"
659.12,60,19,8,"Left",147.3,-1.47,1.758,"03"
660.87,60,19,8,"Left",147.3,-1.47,1.749,"03"
70.57,2,29,10,"Right",190.55,-0.14,1.754,"06"
83.11,3,17,6,"Right",82.25,-2.35,1.756,"06"
99.38,4,44,16,"Left",257.07,-0.16,1.754,"06"
107.29,5,43,16,"Left",164.63,-2.43,1.753,"06"
122.11,6,55,20,"Left",114.6,-2.48,1.753,"06"
131.13,7,25,10,"Left",232.31,-6.15,1.754,"06"
141.6,8,28,10,"Right",20.3,-8.68,1.755,"06"
158.2,9,37,14,"Left",315.63,2.65,1.752,"06"
164.84,10,49,18,"Left",187.38,2.29,1.758,"06"
181.82,11,46,16,"Right",295.12,-10.25,1.758,"06"
193,12,52,18,"Right",93.69,-2.57,1.758,"06"
201.51,13,32,12,"Left",68.11,-7.75,1.752,"06"
208.53,14,1,2,"Left",123.17,-3.74,1.766,"06"
219.05,15,13,6,"Left",41.36,-5.19,1.752,"06"
227.01,16,9,4,"Left",123.97,-3.56,1.76,"06"
237.81,17,40,14,"Right",316.24,-1.94,1.761,"06"
243.15,18,20,8,"Left",186.27,-6.27,1.753,"06"
251.94,19,27,10,"Left",214.58,-6.1,1.759,"06"
260.3,20,60,20,"Right",5.96,-3.88,1.766,"06"
264.77,21,26,10,"Left",183.78,-8.87,1.754,"06"
275.51,22,42,14,"Right",175.68,-8.81,1.757,"06"
290.56,23,23,8,"Right",225.18,-7.76,1.752,"06"
295.2,24,4,2,"Right",333.27,-7.04,1.764,"06"
306.54,25,59,20,"Right",29.91,-12.08,1.755,"06"
311.68,26,6,2,"Right",13.94,0.34,1.761,"06"
318.8,27,10,4,"Right",249.58,-5.22,1.756,"06"
330.76,28,41,14,"Right",180.44,-9.83,1.753,"06"
338.5,29,33,12,"Left",248.39,-6.69,1.755,"06"
346.93,30,53,18,"Right",29.18,-3.31,1.756,"06"
354.08,31,5,2,"Right",281.68,1.29,1.762,"06"
354.66,31,5,2,"Right",281.68,1.29,1.762,"06"
361.43,32,54,18,"Right",353.98,-6.02,1.76,"06"
372.09,33,48,16,"Right",166.68,1.33,1.759,"06"
377.67,34,38,14,"Left",173.91,-3.15,1.766,"06"
387.19,35,45,16,"Left",260.85,-9.07,1.754,"06"
394.84,36,12,4,"Right",264.33,-6.08,1.755,"06"
405.31,37,22,8,"Right",128.17,-5.35,1.756,"06"
412.51,38,18,6,"Right",277.47,-7.39,1.752,"06"
421.52,39,7,4,"Left",70.22,-6.94,1.753,"06"
426.57,40,15,6,"Left",198.65,-9.59,1.753,"06"
435.55,41,39,14,"Left",329.2,-4.12,1.759,"06"
445.93,42,58,20,"Right",271.39,-5.5,1.756,"06"
453.86,43,3,2,"Left",57.93,1.76,1.759,"06"
461.56,44,8,4,"Left",128.72,-3.6,1.754,"06"
467.72,45,19,8,"Left",204.83,-10.22,1.755,"06"
473.74,46,51,18,"Left",208.6,-4.48,1.757,"06"
479.94,47,35,12,"Right",324.65,-3.45,1.759,"06"
489.83,48,11,4,"Right",200.33,-8.79,1.756,"06"
496.05,49,14,6,"Left",265.12,-9.05,1.753,"06"
504.18,50,50,18,"Left",68.6,-8.36,1.75,"06"
509.65,51,57,20,"Left",138.07,-3.69,1.751,"06"
518.88,52,31,12,"Left",326.74,-4.51,1.75,"06"
527.72,53,34,12,"Right",122.74,-5.34,1.752,"06"
534.99,54,56,20,"Left",240.52,-4.86,1.751,"06"
543.15,55,2,2,"Left",355.63,4.64,1.75,"06"
551.69,56,30,10,"Right",183.12,-7.44,1.757,"06"
563.24,57,47,16,"Right",325.38,-8.52,1.756,"06"
571.94,58,16,6,"Right",108.99,-9.88,1.744,"06"
579.6,59,24,8,"Right",227.16,-6.29,1.755,"06"
587.39,60,36,12,"Right",150.69,-12.39,1.756,"06"
589.51,60,36,12,"Right",150.69,-12.39,1.755,"06"
98.88,1,49,18,"Left",58.15,-8.06,1.551,"07"
109.56,2,8,4,"Left",180.65,-2.13,1.552,"07"
119.37,3,2,2,"Left",145.16,12.96,1.557,"07"
126.69,4,45,16,"Left",188.06,-5.11,1.55,"07"
144.42,5,40,14,"Right",165.56,16.13,1.554,"07"
159.44,6,27,10,"Left",350.83,-0.49,1.543,"07"
175.84,7,18,6,"Right",262.16,-1.22,1.542,"07"
182.61,8,13,6,"Left",265.83,6.27,1.541,"07"
189.94,9,37,14,"Left",137.44,7.79,1.539,"07"
199.51,10,52,18,"Right",207.44,-5.05,1.539,"07"
206.33,11,39,14,"Left",209.39,0.57,1.544,"07"
212.79,12,60,20,"Right",317.59,-7.36,1.553,"07"
214.91,13,42,14,"Right",9.07,9.55,1.555,"07"
223.66,14,35,12,"Right",184.38,0.08,1.552,"07"
233.05,15,16,6,"Right",184.06,-5.8,1.557,"07"
240.99,16,48,16,"Right",172.31,3.77,1.54,"07"
244.42,17,15,6,"Left",162.37,-0.53,1.536,"07"
245.67,17,15,6,"Left",162.37,-4.97,1.534,"07"
256.05,18,20,8,"Left",33.41,-1.49,1.535,"07"
266.27,19,31,12,"Left",77.29,-5.13,1.538,"07"
273.61,20,11,4,"Right",252.69,-1.8,1.552,"07"
279.43,21,24,8,"Right",247.65,-3.7,1.555,"07"
287.89,22,57,20,"Left",26.35,-5.86,1.554,"07"
294.36,23,55,20,"Left",234.23,-8.14,1.555,"07"
296.29,23,55,20,"Left",234.23,-8.14,1.551,"07"
302.94,24,14,6,"Left",341.57,-1.84,1.534,"07"
312,25,51,18,"Left",30.62,-8.24,1.542,"07"
318.88,26,9,4,"Left",289.76,-5.12,1.545,"07"
326.75,27,44,16,"Left",24.45,-2.22,1.539,"07"
329.9,28,22,8,"Right",321.82,-6.92,1.539,"07"
334.8,29,50,18,"Left",107.26,2.17,1.539,"07"
341.07,30,5,2,"Right",307.11,2.25,1.537,"07"
345.57,31,34,12,"Right",44.85,9.32,1.538,"07"
351.74,32,12,4,"Right",224.51,-6.39,1.542,"07"
358.45,33,26,10,"Left",7.32,-9.83,1.539,"07"
365.16,34,46,16,"Right",105.72,6.51,1.54,"07"
375.63,35,32,12,"Left",4.17,-1.48,1.542,"07"
387.3,36,1,2,"Left",45.36,6.61,1.552,"07"
393.26,37,36,12,"Right",35.19,7.75,1.543,"07"
398.35,38,56,20,"Left",209.95,-10.76,1.52,"07"
403.64,39,28,10,"Right",52.76,13.05,1.545,"07"
408.35,40,23,8,"Right",316.91,-0.58,1.551,"07"
414.78,41,59,20,"Right",190.53,-4.52,1.556,"07"
421.35,42,6,2,"Right",208.11,7.34,1.552,"07"
429.17,43,58,20,"Right",155.59,2.63,1.55,"07"
436.71,44,17,6,"Right",309.08,6.18,1.549,"07"
441.64,45,21,8,"Left",87.84,4.35,1.536,"07"
445.44,46,38,14,"Left",140.82,1.52,1.538,"07"
450.68,47,43,16,"Left",94.84,-2.67,1.535,"07"
456.48,48,53,18,"Right",204.42,0.51,1.548,"07"
461.05,49,25,10,"Left",83.05,10.42,1.535,"07"
466.59,50,19,8,"Left",355.55,4.27,1.553,"07"
470.2,51,7,4,"Left",105.32,-3.67,1.549,"07"
474.35,52,29,10,"Right",38.39,7.58,1.546,"07"
484.12,53,47,16,"Right",144.85,2.33,1.537,"07"
492.2,54,10,4,"Right",303.68,4.96,1.559,"07"
496.16,55,33,12,"Left",133.93,9.41,1.543,"07"
503.63,56,3,2,"Left",31.8,6.01,1.546,"07"
509.71,57,4,2,"Right",306.42,1.22,1.548,"07"
516.86,58,30,10,"Right",163.59,-0.88,1.547,"07"
526.1,59,41,14,"Right",157.43,0.58,1.547,"07"
532.74,60,54,18,"Right",235.8,0.6,1.546,"07"
532.86,60,54,18,"Right",235.8,0.6,1.546,"07"
533.41,60,54,18,"Right",235.8,0.6,1.545,"07"
534.79,60,54,18,"Right",235.8,0.6,1.543,"07"
537.95,60,54,18,"Right",235.8,0.6,1.512,"07"
106.03,1,28,10,"Right",236.35,0.15,1.638,"08"
107.26,1,28,10,"Right",236.35,0.15,1.642,"08"
107.71,1,28,10,"Right",236.35,0.15,1.645,"08"
108.16,1,28,10,"Right",236.35,0.15,1.645,"08"
116.81,1,28,10,"Right",236.35,0.15,1.65,"08"
117.12,1,28,10,"Right",236.35,0.15,1.649,"08"
117.45,1,28,10,"Right",236.35,0.15,1.647,"08"
117.74,1,28,10,"Right",236.35,0.15,1.643,"08"
118.02,1,28,10,"Right",236.35,0.15,1.643,"08"
118.31,1,28,10,"Right",236.35,0.15,1.642,"08"
126.67,1,28,10,"Right",236.35,0.15,1.638,"08"
127.61,1,28,10,"Right",236.35,0.15,1.64,"08"
131.63,1,28,10,"Right",236.35,-1.39,1.637,"08"
144.14,1,28,10,"Right",236.35,-2.14,1.647,"08"
159.12,2,7,4,"Left",263,3.11,1.641,"08"
170.49,3,16,6,"Right",322.84,-6.06,1.645,"08"
183.9,4,13,6,"Left",7.44,-4.55,1.638,"08"
194.04,5,36,12,"Right",45.25,4.46,1.636,"08"
205.54,6,8,4,"Left",276.6,-3.48,1.647,"08"
216.25,7,32,12,"Left",87.81,-4.31,1.643,"08"
228.77,8,50,18,"Left",200.55,-5.09,1.642,"08"
237.76,9,31,12,"Left",265.47,-2.88,1.634,"08"
239.46,9,31,12,"Left",265.47,-4.82,1.635,"08"
253.29,10,2,2,"Left",34.22,9.84,1.636,"08"
261.34,11,22,8,"Right",289.53,-5.37,1.638,"08"
263.67,11,22,8,"Right",289.53,-1.32,1.636,"08"
267.44,11,22,8,"Right",289.53,-4.84,1.642,"08"
283.58,12,26,10,"Left",106.44,1.24,1.637,"08"
301.08,13,25,10,"Left",307.37,-0.59,1.633,"08"
308.14,14,30,10,"Right",44.9,-3.81,1.636,"08"
324.49,15,38,14,"Left",167,-0.38,1.632,"08"
337.74,16,48,16,"Right",352.56,-7.45,1.635,"08"
340.56,16,48,16,"Right",352.56,-9.32,1.629,"08"
357.84,17,37,14,"Left",47.13,-3.08,1.627,"08"
372.03,18,47,16,"Right",174.43,-8.74,1.63,"08"
381.17,19,42,14,"Right",94.66,-3.07,1.631,"08"
389.44,20,56,20,"Left",163.45,-9.1,1.633,"08"
408.33,21,45,16,"Left",2.38,-3.95,1.632,"08"
415.31,22,15,6,"Left",52.2,-5.12,1.633,"08"
432.77,23,49,18,"Left",5.11,-2.73,1.628,"08"
449.34,24,39,14,"Left",233.79,-4.4,1.63,"08"
460.21,25,4,2,"Right",120,12.12,1.636,"08"
471.78,26,21,8,"Left",145.03,-5.9,1.636,"08"
488.62,27,52,18,"Right",183,-7.17,1.635,"08"
500.8,28,53,18,"Right",161.36,-7.61,1.629,"08"
513.24,29,41,14,"Right",128.08,-5.49,1.637,"08"
527.84,30,60,20,"Right",133.31,-0.49,1.639,"08"
543.91,31,40,14,"Right",76.41,2.5,1.637,"08"
561.53,32,34,12,"Right",70.82,-7.22,1.642,"08"
569.41,33,58,20,"Right",337.65,-1.99,1.657,"08"
581.6,34,10,4,"Right",232.02,-1.54,1.644,"08"
607.03,35,51,18,"Left",353.36,-5.44,1.642,"08"
623.11,36,57,20,"Left",335.48,-7.07,1.642,"08"
636.35,37,55,20,"Left",249.72,0.88,1.634,"08"
653.35,38,46,16,"Right",93.26,-3.53,1.632,"08"
661.2,39,29,10,"Right",39.56,-4.06,1.632,"08"
671.71,40,17,6,"Right",84.86,0.02,1.635,"08"
681.92,41,24,8,"Right",112.54,-2.04,1.635,"08"
691.61,42,6,2,"Right",57.13,16.95,1.639,"08"
702.03,43,33,12,"Left",240.51,-4,1.638,"08"
708.55,44,11,4,"Right",61.45,7.24,1.637,"08"
719.98,45,59,20,"Right",250.42,0.57,1.635,"08"
731.98,46,44,16,"Left",243.8,-1.95,1.634,"08"
732.68,46,44,16,"Left",243.8,-1.95,1.633,"08"
742.49,47,43,16,"Left",104.04,3.31,1.636,"08"
755.03,48,23,8,"Right",352.94,-0.75,1.634,"08"
768.94,49,9,4,"Left",321.29,-0.77,1.637,"08"
781.58,50,54,18,"Right",98.17,-0.92,1.633,"08"
795.86,51,20,8,"Left",84.82,1.65,1.624,"08"
809.07,52,35,12,"Right",37.39,-4.22,1.624,"08"
825.14,53,18,6,"Right",249.18,-3.7,1.616,"08"
833.12,54,3,2,"Left",218.07,9.18,1.623,"08"
841.94,55,1,2,"Left",265.1,21.03,1.623,"08"
843.26,55,1,2,"Left",265.1,16.78,1.62,"08"
851.4,55,1,2,"Left",265.1,15.84,1.624,"08"
864.97,56,12,4,"Right",184.15,11.32,1.64,"08"
883.07,57,27,10,"Left",257.89,-6.19,1.625,"08"
888.86,58,5,2,"Right",89.04,21.22,1.631,"08"
905.41,59,14,6,"Left",247.44,-2.49,1.624,"08"
913.67,60,19,8,"Left",260.22,-0.37,1.639,"08"
919.51,60,19,8,"Left",260.22,-2.6,1.63,"08"
923.26,60,19,8,"Left",260.22,-0.18,1.633,"08"
92.52,2,54,18,"Right",29.16,14.25,1.632,"09"
102.97,3,19,8,"Left",268.5,0.27,1.63,"09"
115.52,4,56,20,"Left",195.01,-3.17,1.63,"09"
128.24,5,10,4,"Right",73.24,4.35,1.63,"09"
142.29,6,58,20,"Right",101.81,10.42,1.627,"09"
151.84,7,18,6,"Right",305.33,1.6,1.623,"09"
165.04,8,39,14,"Left",288.18,4.92,1.625,"09"
169.61,8,39,14,"Left",288.18,4.92,1.625,"09"
180.12,9,44,16,"Left",294.25,8.15,1.626,"09"
188.8,10,42,14,"Right",73.13,2.23,1.63,"09"
197.52,11,51,18,"Left",248.48,4.85,1.625,"09"
205.82,12,60,20,"Right",81.58,5.08,1.624,"09"
217.18,13,30,10,"Right",299.63,1.71,1.625,"09"
223.44,14,12,4,"Right",324.54,-1.96,1.626,"09"
228.34,14,12,4,"Right",324.54,-1.76,1.622,"09"
241.13,15,26,10,"Left",348.36,2.77,1.627,"09"
254.28,16,38,14,"Left",47.05,1.14,1.622,"09"
270.11,17,24,8,"Right",163.96,10.12,1.627,"09"
278.38,18,40,14,"Right",285.18,0.07,1.629,"09"
283.48,18,40,14,"Right",285.18,4.62,1.627,"09"
293.48,19,50,18,"Left",147.57,-5.18,1.622,"09"
313.57,20,29,10,"Right",210.23,2.11,1.624,"09"
326.3,21,8,4,"Left",109.17,1.26,1.627,"09"
334.26,22,57,20,"Left",98.45,-0.07,1.625,"09"
343.86,23,21,8,"Left",157.54,5.8,1.624,"09"
357.13,24,36,12,"Right",242.79,2.46,1.623,"09"
368.57,25,45,16,"Left",122.11,-3.95,1.623,"09"
380.87,26,43,16,"Left",349.62,-1.03,1.625,"09"
388.44,27,25,10,"Left",174.22,-5.79,1.622,"09"
400.87,28,1,2,"Left",52.66,17.29,1.631,"09"
403.96,28,1,2,"Left",52.66,17.77,1.631,"09"
421.12,29,53,18,"Right",120.22,-4.41,1.629,"09"
437.92,30,47,16,"Right",261.71,2.02,1.626,"09"
447.49,31,6,2,"Right",223.03,4.16,1.629,"09"
460.68,32,52,18,"Right",177.1,1.78,1.631,"09"
471.92,33,35,12,"Right",281.16,8.83,1.629,"09"
483.32,34,11,4,"Right",99.57,7.99,1.632,"09"
501.16,35,5,2,"Right",169.59,4.25,1.63,"09"
516.52,36,17,6,"Right",103.97,5.31,1.627,"09"
530.42,37,55,20,"Left",239.75,6.7,1.628,"09"
550.94,38,16,6,"Right",293.08,2.59,1.625,"09"
553.91,38,16,6,"Right",293.08,2.59,1.624,"09"
567.36,39,2,2,"Left",14.61,14.97,1.623,"09"
584.77,40,33,12,"Left",254.29,4.53,1.625,"09"
601.97,41,23,8,"Right",52.04,-2.46,1.624,"09"
622.14,42,15,6,"Left",125.57,-0.92,1.624,"09"
634.05,43,3,2,"Left",11.27,10.31,1.623,"09"
646.85,44,32,12,"Left",239.8,2.59,1.62,"09"
663.48,45,49,18,"Left",276.74,1.92,1.623,"09"
677.43,46,27,10,"Left",16.9,-0.2,1.623,"09"
689.98,47,14,6,"Left",132.96,2.04,1.619,"09"
703.43,48,34,12,"Right",18.01,-1.36,1.624,"09"
717.16,49,41,14,"Right",60.94,1.42,1.622,"09"
725.96,50,7,4,"Left",205.49,2.71,1.627,"09"
737.7,51,37,14,"Left",254.46,4.79,1.625,"09"
747.59,52,20,8,"Left",244.77,0.7,1.626,"09"
759.29,53,9,4,"Left",357.54,11.14,1.629,"09"
772.73,54,59,20,"Right",111.76,9.07,1.624,"09"
787.26,55,22,8,"Right",109.53,-2.36,1.623,"09"
804.26,56,46,16,"Right",149.38,0.94,1.62,"09"
816.84,57,4,2,"Right",231.62,4.26,1.627,"09"
838.28,58,28,10,"Right",25.71,4.94,1.627,"09"
852.45,59,48,16,"Right",72.9,2.83,1.631,"09"
855.95,59,48,16,"Right",72.9,0.46,1.631,"09"
872.37,60,31,12,"Left",83.62,3.3,1.622,"09"
875.07,60,31,12,"Left",83.62,2.54,1.623,"09"
878.85,60,31,12,"Left",83.62,2.54,1.622,"09"
885.81,60,31,12,"Left",83.62,-0.7,1.622,"09"
886.17,60,31,12,"Left",83.62,-0.7,1.622,"09"
893.32,60,31,12,"Left",83.62,-1.2,1.62,"09"
59,1,47,16,"Right",151.17,0.62,1.533,"10"
70.83,2,8,4,"Left",71.15,1.52,1.536,"10"
81.94,3,10,4,"Right",244.52,1.63,1.538,"10"
95.89,4,37,14,"Left",216.74,-3.62,1.534,"10"
106.44,5,50,18,"Left",359.27,-0.35,1.534,"10"
109.6,6,45,16,"Left",186.23,-6.23,1.533,"10"
117.44,7,2,2,"Left",132.65,1.08,1.538,"10"
123.76,8,52,18,"Right",11.11,7.34,1.533,"10"
133.36,9,22,8,"Right",163.22,7.8,1.531,"10"
143.16,10,51,18,"Left",254.89,3.88,1.535,"10"
150.73,11,49,18,"Left",220.86,5.21,1.541,"10"
156.15,12,29,10,"Right",21.82,-3.29,1.533,"10"
163.42,13,46,16,"Right",33.75,0.22,1.537,"10"
171.03,14,12,4,"Right",244.38,-4.65,1.539,"10"
179.86,15,18,6,"Right",302.31,3.47,1.541,"10"
190.37,16,57,20,"Left",33.02,3.03,1.534,"10"
201.06,17,41,14,"Right",155.05,1.26,1.533,"10"
203.81,18,60,20,"Right",6.73,6.73,1.534,"10"
209.14,19,23,8,"Right",345.1,-5.97,1.541,"10"
219.11,20,25,10,"Left",91.39,-10.6,1.528,"10"
228.19,21,4,2,"Right",125.68,5.84,1.531,"10"
236.23,22,24,8,"Right",118.66,-2.9,1.534,"10"
241.29,23,5,2,"Right",337.83,-1.84,1.536,"10"
248.56,24,17,6,"Right",272.69,-5.9,1.532,"10"
256.49,25,56,20,"Left",356.57,1.78,1.54,"10"
263.61,26,28,10,"Right",284.93,1.35,1.537,"10"
272.19,27,9,4,"Left",303.72,-9.87,1.536,"10"
278.91,28,32,12,"Left",142.73,-6.94,1.537,"10"
291.35,29,42,14,"Right",109.86,4.08,1.536,"10"
303.31,30,39,14,"Left",3.88,-3.99,1.535,"10"
312.3,31,59,20,"Right",289.09,2.33,1.536,"10"
317.54,32,16,6,"Right",249.4,-12.04,1.537,"10"
321.7,33,54,18,"Right",295.31,-12.21,1.536,"10"
328.05,34,31,12,"Left",233.77,0.27,1.538,"10"
336.26,35,53,18,"Right",118.35,-4.74,1.537,"10"
343.22,36,43,16,"Left",348.63,1.95,1.537,"10"
348.84,37,58,20,"Right",261.69,19.06,1.535,"10"
355.68,38,7,4,"Left",219.44,-12.63,1.538,"10"
362.4,39,35,12,"Right",312.59,-7.59,1.537,"10"
371.25,40,26,10,"Left",245.81,-15.21,1.537,"10"
380.59,41,21,8,"Left",273.09,4.45,1.538,"10"
389.58,42,1,2,"Left",46.53,-2.62,1.538,"10"
397.44,43,19,8,"Left",133.46,2.23,1.539,"10"
403.04,44,13,6,"Left",91.87,-2.77,1.535,"10"
412.87,45,34,12,"Right",158.25,7.91,1.537,"10"
416.43,46,44,16,"Left",160.53,-8.35,1.535,"10"
421.48,47,14,6,"Left",112.78,1.14,1.536,"10"
428.49,48,38,14,"Left",236.83,-5.97,1.536,"10"
433.57,49,30,10,"Right",286.27,2.96,1.536,"10"
438.87,50,20,8,"Left",62.13,-7.08,1.534,"10"
442.73,51,36,12,"Right",319.86,5.37,1.531,"10"
447.59,52,11,4,"Right",273.28,1.57,1.534,"10"
453.3,53,55,20,"Left",247.33,-5.71,1.535,"10"
461.12,54,27,10,"Left",222.38,-5.05,1.533,"10"
469.25,55,6,2,"Right",66.38,3.24,1.539,"10"
478.63,56,33,12,"Left",32.5,-0.06,1.536,"10"
480.32,56,33,12,"Left",32.5,-1.93,1.536,"10"
489.03,57,3,2,"Left",93.32,-1.28,1.536,"10"
497.85,58,15,6,"Left",331.83,4.11,1.537,"10"
508.33,59,48,16,"Right",220.16,1.87,1.534,"10"
515.62,60,40,14,"Right",74.35,-0.82,1.534,"10"
518.84,60,40,14,"Right",74.35,-0.82,1.538,"10"
39.11,1,19,8,"Left",353.82,-173.82,1.557,"11"
60.26,2,54,18,"Right",224.59,5.14,1.555,"11"
61.57,2,54,18,"Right",224.59,5.14,1.558,"11"
64.01,2,54,18,"Right",224.59,5.14,1.543,"11"
64.87,2,54,18,"Right",224.59,5.14,1.555,"11"
65.71,2,54,18,"Right",224.59,5.14,1.552,"11"
66.1,2,54,18,"Right",224.59,5.14,1.552,"11"
73.38,3,32,12,"Left",86.91,-2.25,1.556,"11"
85.58,4,33,12,"Left",72.34,-0.43,1.554,"11"
99.36,5,23,8,"Right",319.43,-2.83,1.553,"11"
120.82,6,56,20,"Left",204.14,-6.82,1.551,"11"
135.08,7,52,18,"Right",355.07,-2.74,1.552,"11"
146.91,8,20,8,"Left",252.9,-4.74,1.549,"11"
156.48,9,22,8,"Right",147.51,-2.63,1.548,"11"
182.29,10,44,16,"Left",273.52,-3.69,1.551,"11"
187.64,11,26,10,"Left",213.06,-5.22,1.555,"11"
197.78,12,10,4,"Right",350.02,0.63,1.564,"11"
205.09,13,7,4,"Left",70.2,6.26,1.563,"11"
217,14,48,16,"Right",134.47,-1.78,1.55,"11"
225.79,15,6,2,"Right",133.76,7.5,1.564,"11"
235.44,16,36,12,"Right",140.29,-1.31,1.557,"11"
241.11,17,31,12,"Left",160.13,-3.55,1.558,"11"
249.37,18,5,2,"Right",254.21,14.56,1.562,"11"
260.96,19,11,4,"Right",124.66,7.31,1.56,"11"
267.3,20,3,2,"Left",93.98,30.3,1.561,"11"
277.18,21,25,10,"Left",155.63,-0.51,1.555,"11"
293.19,22,55,20,"Left",331.52,0.98,1.554,"11"
303.89,23,15,6,"Left",267.05,2.58,1.554,"11"
322.38,24,41,14,"Right",259.65,4.31,1.555,"11"
334.7,25,51,18,"Left",18.83,5.22,1.556,"11"
345.85,26,27,10,"Left",244.79,8.46,1.552,"11"
356.42,27,29,10,"Right",250.66,-1.9,1.552,"11"
365.76,28,39,14,"Left",345.88,3.84,1.556,"11"
376.84,29,8,4,"Left",21.32,5.22,1.554,"11"
388.21,30,14,6,"Left",267.43,-2.81,1.557,"11"
401.5,31,47,16,"Right",204.05,-2.59,1.553,"11"
419.76,32,24,8,"Right",90.51,-3.19,1.555,"11"
433.04,33,35,12,"Right",243.1,4.06,1.558,"11"
438.8,34,9,4,"Left",231.56,-0.39,1.557,"11"
449.01,35,18,6,"Right",217.08,3.54,1.558,"11"
457.48,36,57,20,"Left",144.86,4.9,1.554,"11"
462.67,37,4,2,"Right",315.95,-0.71,1.557,"11"
475.38,38,58,20,"Right",124.45,3.33,1.554,"11"
494.78,39,38,14,"Left",131.37,-1.84,1.556,"11"
506.24,40,60,20,"Right",181.79,0.16,1.554,"11"
516.38,41,21,8,"Left",308.19,-0.28,1.554,"11"
526.45,42,17,6,"Right",243.21,-1.02,1.554,"11"
532.78,43,42,14,"Right",62.93,1.26,1.552,"11"
542.56,44,45,16,"Left",273.1,3.58,1.551,"11"
554.25,45,37,14,"Left",82.97,4.37,1.55,"11"
563.38,46,30,10,"Right",257.58,3.36,1.538,"11"
571.55,47,2,2,"Left",66.87,11.2,1.553,"11"
580.82,48,34,12,"Right",136.93,4.56,1.554,"11"
591.6,49,59,20,"Right",330.84,-0.53,1.552,"11"
599.22,50,12,4,"Right",37.05,6.02,1.552,"11"
600.63,50,12,4,"Right",37.05,6.02,1.55,"11"
606.88,51,1,2,"Left",32.53,17.13,1.553,"11"
614.75,52,53,18,"Right",358.76,3.66,1.555,"11"
620.97,53,50,18,"Left",158.87,4.56,1.552,"11"
628.33,54,43,16,"Left",325.16,0.37,1.554,"11"
635.2,55,49,18,"Left",201.86,-2.63,1.555,"11"
644.34,56,28,10,"Right",22.31,-0.31,1.555,"11"
652.35,57,46,16,"Right",317.54,-1.47,1.551,"11"
663.82,58,16,6,"Right",187.26,2.28,1.557,"11"
671.33,59,13,6,"Left",53.52,3.82,1.554,"11"
677.33,60,40,14,"Right",74.64,2.03,1.556,"11"
678.87,60,40,14,"Right",74.64,2.03,1.554,"11"
682.7,60,40,14,"Right",74.64,2.03,1.558,"11"
116.18,2,54,18,"Right",250.92,-8.68,1.54,"12"
129.55,3,9,4,"Left",40.76,9.07,1.541,"12"
149.12,4,20,8,"Left",335.62,5.67,1.544,"12"
167.31,5,8,4,"Left",95.86,-0.49,1.543,"12"
189.85,6,57,20,"Left",112.54,5.93,1.541,"12"
206.5,7,14,6,"Left",311.56,1.61,1.533,"12"
225.73,8,12,4,"Right",79.82,2.34,1.54,"12"
239.49,9,39,14,"Left",137.98,2.61,1.548,"12"
256.55,10,46,16,"Right",240.62,3.36,1.543,"12"
268.89,11,43,16,"Left",90.16,5.26,1.542,"12"
276.92,12,34,12,"Right",248.27,3.23,1.544,"12"
292.22,13,29,10,"Right",272.98,-10.7,1.548,"12"
301.23,14,4,2,"Right",206.17,1.22,1.53,"12"
318.33,15,28,10,"Right",329.47,1.03,1.536,"12"
338.15,16,52,18,"Right",261.24,2.54,1.543,"12"
353.55,17,24,8,"Right",183.62,-1.35,1.545,"12"
364.83,18,53,18,"Right",115.61,-5.36,1.543,"12"
376.11,19,42,14,"Right",191.16,1.71,1.55,"12"
386.36,20,41,14,"Right",186.76,-3.85,1.547,"12"
404.77,21,13,6,"Left",259.12,-3.34,1.547,"12"
413.63,22,6,2,"Right",165.8,-6.39,1.547,"12"
428.74,23,17,6,"Right",273.49,-3.56,1.548,"12"
436.23,24,18,6,"Right",20.76,-4.45,1.547,"12"
443.66,25,5,2,"Right",29.82,-0.69,1.544,"12"
466.93,26,37,14,"Left",291.89,-2.01,1.551,"12"
480.83,27,7,4,"Left",246.8,-10.47,1.548,"12"
492.56,28,3,2,"Left",327.9,2.98,1.543,"12"
503.72,29,23,8,"Right",212.89,-5.87,1.549,"12"
514.16,30,58,20,"Right",188.25,-5.51,1.546,"12"
527.94,31,56,20,"Left",320.38,4.36,1.548,"12"
533.96,32,45,16,"Left",125.74,7.47,1.553,"12"
539.62,33,48,16,"Right",355.95,-4.05,1.548,"12"
549.71,34,10,4,"Right",120.85,-2.93,1.545,"12"
562.3,35,25,10,"Left",28.15,1.51,1.548,"12"
572.95,36,40,14,"Right",324.19,-3.29,1.554,"12"
579.45,37,31,12,"Left",154.2,-1.86,1.551,"12"
591.74,38,35,12,"Right",125.26,-4.79,1.547,"12"
610.05,39,26,10,"Left",25.28,-8.3,1.549,"12"
620.05,40,50,18,"Left",23.15,-6.18,1.552,"12"
634.95,41,47,16,"Right",159.01,-5.67,1.548,"12"
643.77,42,59,20,"Right",334.39,-7.58,1.546,"12"
650.34,43,36,12,"Right",305.29,-11.03,1.55,"12"
659.44,44,22,8,"Right",311.6,-11.15,1.554,"12"
669.53,45,60,20,"Right",208.47,-6.32,1.545,"12"
680.36,46,21,8,"Left",288.33,-12.3,1.549,"12"
692.62,47,11,4,"Right",320.46,-4.45,1.55,"12"
708.84,48,30,10,"Right",256.03,-12.12,1.545,"12"
724.8,49,51,18,"Left",338.96,-2.28,1.547,"12"
742.47,50,32,12,"Left",272.09,-5.12,1.551,"12"
752.42,51,15,6,"Left",73.52,-10.07,1.549,"12"
771.06,52,38,14,"Left",120.9,-9.35,1.549,"12"
780.47,53,27,10,"Left",109.76,-5.14,1.549,"12"
795.7,54,1,2,"Left",80.44,1.73,1.547,"12"
809.62,55,55,20,"Left",242.76,-15.46,1.546,"12"
825.84,56,49,18,"Left",257.26,-2.42,1.547,"12"
836.19,57,16,6,"Right",337.44,-9.27,1.545,"12"
849.51,58,33,12,"Left",20.01,-11.16,1.547,"12"
866.32,59,44,16,"Left",305.8,-6.88,1.547,"12"
873.05,60,19,8,"Left",163.97,-10.56,1.55,"12"
875.26,60,19,8,"Left",163.97,-10.56,1.55,"12"
879.25,60,19,8,"Left",163.97,-10.56,1.549,"12"
75.7,2,28,10,"Right",52.21,13.04,1.447,"13"
92.65,3,43,16,"Left",358.77,0.88,1.455,"13"
104.85,4,48,16,"Right",297.86,2.45,1.451,"13"
119.49,5,50,18,"Left",113.86,-0.69,1.455,"13"
130.09,6,34,12,"Right",310.72,4.87,1.455,"13"
137.69,7,5,2,"Right",55.59,16.57,1.457,"13"
152.65,8,2,2,"Left",339.35,10.03,1.452,"13"
164.33,9,19,8,"Left",270.02,10.21,1.451,"13"
176.28,10,37,14,"Left",234.42,8.98,1.45,"13"
186.21,11,23,8,"Right",129.07,14.64,1.451,"13"
201.69,12,45,16,"Left",115.05,3.75,1.454,"13"
213.04,13,7,4,"Left",45.51,1.23,1.454,"13"
227.58,14,3,2,"Left",202.05,10.82,1.44,"13"
236.42,15,15,6,"Left",259.17,2.54,1.452,"13"
244.61,16,42,14,"Right",91.84,5.26,1.461,"13"
253.91,17,46,16,"Right",198.25,6.85,1.454,"13"
259.54,18,60,20,"Right",357.86,3.67,1.455,"13"
269.03,19,40,14,"Right",82.95,7.33,1.454,"13"
275.81,20,21,8,"Left",203.08,-0.97,1.461,"13"
286.66,21,1,2,"Left",247.06,6.47,1.455,"13"
297.54,22,14,6,"Left",284.11,-1.39,1.455,"13"
305.05,23,52,18,"Right",281.17,3.08,1.456,"13"
313.24,24,57,20,"Left",207.88,0.51,1.457,"13"
328.83,25,13,6,"Left",271.98,3.4,1.457,"13"
336.99,26,47,16,"Right",238.25,3.1,1.456,"13"
346.46,27,20,8,"Left",251.56,-2.88,1.457,"13"
354.52,28,38,14,"Left",266.01,-2.65,1.457,"13"
364.12,29,33,12,"Left",126.56,2.38,1.46,"13"
374.8,30,49,18,"Left",353.9,3.23,1.458,"13"
382.52,31,32,12,"Left",44.07,5.9,1.459,"13"
394.89,32,41,14,"Right",224.44,-0.03,1.46,"13"
409.02,33,27,10,"Left",309.16,-6.07,1.455,"13"
418.75,34,53,18,"Right",49.57,3.85,1.448,"13"
431.16,35,35,12,"Right",78.98,0.74,1.432,"13"
441.64,36,25,10,"Left",309.52,10.76,1.434,"13"
448.3,37,11,4,"Right",13.64,4.87,1.456,"13"
455.16,38,29,10,"Right",3.48,4.83,1.448,"13"
463.08,39,18,6,"Right",54.05,2.38,1.456,"13"
477.4,40,16,6,"Right",234.88,0.43,1.459,"13"
490.94,41,12,4,"Right",204.64,1.69,1.457,"13"
501.96,42,31,12,"Left",17.59,8.95,1.456,"13"
506.25,43,8,4,"Left",164.84,5.03,1.458,"13"
514.46,44,30,10,"Right",304.12,12.22,1.459,"13"
523.43,45,26,10,"Left",317.26,1.74,1.459,"13"
532.47,46,58,20,"Right",98.51,8.42,1.451,"13"
541.64,47,56,20,"Left",206.14,0.64,1.455,"13"
550.29,48,55,20,"Left",265.21,5.82,1.459,"13"
554.74,49,51,18,"Left",161.54,10,1.455,"13"
567.54,50,4,2,"Right",125.25,14.04,1.46,"13"
574.47,51,54,18,"Right",71.85,8.31,1.439,"13"
582.23,52,59,20,"Right",249.5,8.03,1.452,"13"
591.7,53,10,4,"Right",225.93,12.91,1.45,"13"
600.64,54,44,16,"Left",294.82,10.1,1.431,"13"
612.29,55,24,8,"Right",261.65,13.99,1.455,"13"
622.73,56,22,8,"Right",218.17,7.18,1.436,"13"
633.37,57,6,2,"Right",131.04,13.74,1.455,"13"
639.47,58,39,14,"Left",150.89,13.57,1.456,"13"
646.08,59,36,12,"Right",25.88,16.88,1.458,"13"
653.18,60,9,4,"Left",235.61,11.56,1.457,"13"
656.97,60,9,4,"Left",235.61,11.56,1.456,"13"
267.8,2,60,20,"Right",14.95,-4.99,1.442,"14"
284.96,3,5,2,"Right",238.41,6.79,1.442,"14"
314.33,4,46,16,"Right",262.09,1.92,1.443,"14"
369.67,5,25,10,"Left",122.31,-1.35,1.441,"14"
401.32,6,38,14,"Left",314.92,0.97,1.446,"14"
415,7,37,14,"Left",54.49,5.22,1.444,"14"
434.51,8,11,4,"Right",201.5,5.98,1.437,"14"
445.44,9,4,2,"Right",102.88,20.08,1.437,"14"
470.71,10,35,12,"Right",291.19,1.36,1.437,"14"
512.63,11,8,4,"Left",129.66,-4.27,1.44,"14"
532.93,12,32,12,"Left",224.48,-5.25,1.444,"14"
557.72,13,59,20,"Right",44.93,-2.22,1.439,"14"
576.66,14,43,16,"Left",339.18,2.04,1.444,"14"
601.49,15,27,10,"Left",24.81,-0.19,1.448,"14"
609.66,16,58,20,"Right",214.76,-2.65,1.445,"14"
633.88,17,54,18,"Right",22.32,-2.11,1.437,"14"
646.65,18,47,16,"Right",271.28,4.1,1.438,"14"
652.98,19,22,8,"Right",32.43,7.6,1.439,"14"
666.21,20,41,14,"Right",315.81,0.74,1.439,"14"
683.09,21,53,18,"Right",33.2,0.31,1.437,"14"
690.7,22,33,12,"Left",188.71,-3.44,1.441,"14"
703.43,23,28,10,"Right",160.03,-0.43,1.436,"14"
714.16,24,10,4,"Right",97.17,9.71,1.439,"14"
732.59,25,29,10,"Right",143.89,9.06,1.441,"14"
737.51,26,34,12,"Right",359.87,-0.13,1.442,"14"
745.28,27,52,18,"Right",70.02,10.84,1.437,"14"
753.75,28,21,8,"Left",111.66,1.32,1.438,"14"
758.95,29,7,4,"Left",210.01,1.33,1.435,"14"
769.04,30,18,6,"Right",204.25,-7.67,1.44,"14"
786.25,31,48,16,"Right",48.04,3.07,1.437,"14"
792.82,32,3,2,"Left",168.16,12.31,1.441,"14"
801.54,33,17,6,"Right",299.18,-2.12,1.441,"14"
811.42,34,13,6,"Left",74.55,3.58,1.441,"14"
821.85,35,57,20,"Left",336.79,-1.8,1.447,"14"
830.44,36,1,2,"Left",4,12.08,1.443,"14"
849.79,37,55,20,"Left",42.32,12.76,1.443,"14"
862.2,38,51,18,"Left",59.64,-0.31,1.44,"14"
868.24,39,19,8,"Left",140.89,6.81,1.443,"14"
878.97,40,39,14,"Left",233.56,9.59,1.439,"14"
891.08,41,16,6,"Right",212.39,-0.65,1.442,"14"
906.79,42,6,2,"Right",135.04,17.39,1.44,"14"
915.73,43,31,12,"Left",124.64,8.99,1.439,"14"
929.77,44,45,16,"Left",44.34,4.62,1.44,"14"
935.59,45,2,2,"Left",308.82,9.84,1.44,"14"
945.07,46,30,10,"Right",24.44,3.3,1.441,"14"
951.56,47,14,6,"Left",168.92,2.2,1.442,"14"
967,48,40,14,"Right",162.85,-2.93,1.44,"14"
975.17,49,15,6,"Left",309.05,-1.56,1.441,"14"
979.66,50,20,8,"Left",196.82,-8.65,1.442,"14"
993.55,51,24,8,"Right",325.33,-1.64,1.438,"14"
1002.78,52,49,18,"Left",214.1,-4.57,1.439,"14"
1014.57,53,44,16,"Left",259.85,-3.02,1.438,"14"
1022.45,54,9,4,"Left",249.88,-0.31,1.439,"14"
1035.98,55,23,8,"Right",216.78,-0.41,1.44,"14"
1047.7,56,56,20,"Left",108.89,0.78,1.442,"14"
1058.19,57,42,14,"Right",214.93,-1.25,1.445,"14"
1065.73,58,12,4,"Right",141.24,6.83,1.439,"14"
1071.64,59,26,10,"Left",118.2,2.24,1.444,"14"
1085.02,60,50,18,"Left",122.44,3.83,1.442,"14"
1086.79,60,50,18,"Left",122.44,3.83,1.44,"14"
1096.81,60,50,18,"Left",122.44,-2.92,1.439,"14"
1107.07,60,50,18,"Left",122.44,-2.92,1.431,"14"
108.09,2,53,18,"Right",34.14,5.48,1.683,"15"
127.48,3,44,16,"Left",345.03,4.16,1.684,"15"
151.5,4,22,8,"Right",111.65,0,1.68,"15"
181.57,5,21,8,"Left",346.64,1.63,1.681,"15"
196.48,6,28,10,"Right",344.19,-3.47,1.68,"15"
233.27,7,2,2,"Left",251.3,10.56,1.692,"15"
256.93,8,60,20,"Right",216.38,3.92,1.682,"15"
281.93,9,5,2,"Right",57.87,6.29,1.697,"15"
306.7,10,25,10,"Left",56.55,8.96,1.692,"15"
330.32,11,8,4,"Left",266.04,8.34,1.692,"15"
356.83,12,54,18,"Right",317.98,-1.51,1.688,"15"
367.83,13,58,20,"Right",294.58,-3.88,1.688,"15"
391.36,14,15,6,"Left",303.19,0.52,1.689,"15"
411.12,15,9,4,"Left",306.33,4.64,1.688,"15"
429.63,16,50,18,"Left",285.17,5.68,1.687,"15"
453.44,17,43,16,"Left",103.78,0.74,1.687,"15"
478.08,18,30,10,"Right",11.51,-1.22,1.687,"15"
508.08,19,19,8,"Left",139.36,-0.11,1.687,"15"
522.13,20,4,2,"Right",148.3,4.07,1.696,"15"
565.59,21,34,12,"Right",307.69,0.95,1.684,"15"
610.11,22,24,8,"Right",100.58,-0.48,1.683,"15"
624.38,23,1,2,"Left",150.79,9.02,1.692,"15"
640.65,24,46,16,"Right",104.49,6.59,1.684,"15"
652.01,25,26,10,"Left",242.24,4.96,1.685,"15"
676.73,26,33,12,"Left",49.9,5.76,1.687,"15"
689.89,27,3,2,"Left",47.12,13.59,1.696,"15"
734.19,28,52,18,"Right",164.67,10.36,1.687,"15"
771.46,29,38,14,"Left",131.02,4.64,1.689,"15"
795.75,30,20,8,"Left",163.01,1.9,1.688,"15"
817.7,31,35,12,"Right",306.19,-0.49,1.687,"15"
866.13,32,47,16,"Right",161.71,3.17,1.689,"15"
886.59,33,27,10,"Left",211.67,3.27,1.686,"15"
911.46,34,51,18,"Left",53.95,2.15,1.685,"15"
927.17,35,32,12,"Left",64.49,-1.22,1.687,"15"
939.31,36,57,20,"Left",159.92,-2.7,1.681,"15"
978.53,37,41,14,"Right",78.44,-3.18,1.687,"15"
998.51,38,6,2,"Right",240.97,2.32,1.696,"15"
1017.48,39,56,20,"Left",89.88,0.5,1.685,"15"
1031.2,40,49,18,"Left",289.45,6.68,1.687,"15"
1066.17,41,40,14,"Right",63.07,4.42,1.684,"15"
1094.96,42,17,6,"Right",346.52,0.91,1.687,"15"
1137.35,43,59,20,"Right",165.74,-2.68,1.691,"15"
1153.29,44,37,14,"Left",112.38,-0.66,1.692,"15"
1178.16,45,14,6,"Left",281.2,4.06,1.69,"15"
1198.96,46,39,14,"Left",290.83,1.6,1.692,"15"
1225.66,47,12,4,"Right",152.24,3.16,1.693,"15"
1237.87,48,13,6,"Left",242.84,8.66,1.692,"15"
1275.02,49,11,4,"Right",314.65,-0.56,1.692,"15"
1283.28,50,45,16,"Left",166.44,1.77,1.69,"15"
1290.99,51,31,12,"Left",131.5,2.33,1.69,"15"
1325.02,52,18,6,"Right",71.26,0.17,1.672,"15"
1355.94,53,36,12,"Right",96.92,6.12,1.67,"15"
1369.03,54,42,14,"Right",146.59,6.9,1.67,"15"
1370.09,54,42,14,"Right",146.59,6.9,1.671,"15"
1384.69,55,55,20,"Left",359.49,3,1.67,"15"
1398.28,56,10,4,"Right",354.61,3.45,1.67,"15"
1411.43,57,16,6,"Right",243.34,6.3,1.671,"15"
1420.76,58,7,4,"Left",240.54,4.32,1.674,"15"
1451.23,59,48,16,"Right",229.41,2.32,1.684,"15"
1462.47,60,29,10,"Right",296.75,1.32,1.686,"15"
1464.8,60,29,10,"Right",296.75,1.32,1.686,"15"
79.12,1,31,12,"Left",351.95,-3.97,1.518,"16"
82.71,1,31,12,"Left",351.95,-3.97,1.518,"16"
86.21,1,31,12,"Left",351.95,-3.97,1.521,"16"
108.77,2,40,14,"Right",158.41,-9.75,1.513,"16"
134.71,3,19,8,"Left",305.15,-13.1,1.511,"16"
150.89,4,56,20,"Left",100.41,-2.41,1.507,"16"
162.93,5,45,16,"Left",234.83,-3.95,1.509,"16"
176.07,6,9,4,"Left",295.08,-10.99,1.51,"16"
188.4,7,30,10,"Right",309.86,-11.56,1.509,"16"
190.07,7,30,10,"Right",309.86,-11.56,1.511,"16"
205.35,8,29,10,"Right",205.26,-5.15,1.505,"16"
216.49,9,17,6,"Right",322.95,-11.71,1.507,"16"
228.36,10,1,2,"Left",28.77,6.03,1.51,"16"
238.55,11,8,4,"Left",14.41,-10.36,1.51,"16"
251.56,12,5,2,"Right",304.74,-2.05,1.506,"16"
269.08,13,44,16,"Left",354.25,-8.67,1.509,"16"
281.98,14,48,16,"Right",178.3,-8.28,1.507,"16"
292.15,15,35,12,"Right",253.89,1.47,1.505,"16"
299.06,16,18,6,"Right",311.44,-14.07,1.505,"16"
310.63,17,20,8,"Left",125.38,-7.84,1.505,"16"
320.02,18,25,10,"Left",220.22,-7.99,1.502,"16"
328.74,19,12,4,"Right",295.98,-9.85,1.504,"16"
341.57,20,49,18,"Left",300.25,-13.12,1.506,"16"
350.79,21,10,4,"Right",337.39,-7.86,1.505,"16"
362.21,22,34,12,"Right",102.98,-4.8,1.503,"16"
376.37,23,13,6,"Left",78.85,-11.42,1.506,"16"
387.41,24,32,12,"Left",164.54,-13.65,1.505,"16"
399.36,25,36,12,"Right",285.51,-9.21,1.506,"16"
412.67,26,21,8,"Left",12.24,-11.93,1.508,"16"
422.26,27,2,2,"Left",338.17,3.55,1.508,"16"
432.37,28,39,14,"Left",171.7,-13.16,1.507,"16"
440.87,29,6,2,"Right",188.84,3.68,1.511,"16"
454.94,30,55,20,"Left",252.57,-6.45,1.503,"16"
465.19,31,4,2,"Right",190.61,2.45,1.511,"16"
481.6,32,57,20,"Left",6.12,-5.38,1.51,"16"
499.08,33,59,20,"Right",88.95,-3.66,1.507,"16"
509.86,34,11,4,"Right",69.23,3.61,1.507,"16"
517.5,35,15,6,"Left",185.75,-13.09,1.507,"16"
529.09,36,33,12,"Left",7.51,-14.66,1.504,"16"
541,37,26,10,"Left",102.09,-12.49,1.507,"16"
554.41,38,54,18,"Right",115.78,-13.19,1.503,"16"
567.27,39,14,6,"Left",33.42,-7.85,1.504,"16"
584.27,40,38,14,"Left",110.39,-8.97,1.504,"16"
591.09,41,47,16,"Right",2.07,-1.57,1.501,"16"
603.97,42,58,20,"Right",145.25,-10.1,1.503,"16"
615.22,43,43,16,"Left",79.65,-12.66,1.504,"16"
623.86,44,24,8,"Right",5.18,-4.8,1.503,"16"
638.87,45,23,8,"Right",117.82,1.3,1.504,"16"
650.35,46,27,10,"Left",306.65,-13.05,1.507,"16"
663.08,47,52,18,"Right",39.11,-4.32,1.504,"16"
674.33,48,46,16,"Right",286.82,-12.84,1.501,"16"
685.1,49,50,18,"Left",359.93,0.77,1.501,"16"
697.73,50,51,18,"Left",32.57,-5.97,1.504,"16"
708.12,51,3,2,"Left",3.92,2.31,1.505,"16"
723.54,52,53,18,"Right",229.36,-6.52,1.505,"16"
735.82,53,41,14,"Right",251.67,-7.9,1.504,"16"
743.79,54,60,20,"Right",206.24,-9.56,1.504,"16"
754.85,55,42,14,"Right",154.74,-10.61,1.504,"16"
766.17,56,22,8,"Right",248.97,-2.27,1.505,"16"
777.27,57,16,6,"Right",79.56,3.16,1.504,"16"
784.38,58,7,4,"Left",140.61,-5.66,1.506,"16"
795.5,59,28,10,"Right",174.9,-7.76,1.503,"16"
802.22,60,37,14,"Left",222.59,-13.93,1.505,"16"
820.41,60,37,14,"Left",222.59,-12.31,1.506,"16"
57.27,2,25,10,"Left",308.05,13.05,1.605,"17"
68.5,3,10,4,"Right",0.99,-1.88,1.55,"17"
78.05,4,42,14,"Right",241.23,9.66,1.599,"17"
81.45,4,42,14,"Right",241.23,9.66,1.594,"17"
92.24,5,40,14,"Right",76.22,0.56,1.588,"17"
104.46,6,21,8,"Left",283.49,9.04,1.604,"17"
116.11,7,60,20,"Right",156.66,4.49,1.601,"17"
131.72,8,12,4,"Right",279.14,7.07,1.606,"17"
141.94,9,4,2,"Right",164.55,6.29,1.612,"17"
151.64,10,24,8,"Right",173.71,6.51,1.605,"17"
159.93,11,26,10,"Left",61.2,12.8,1.603,"17"
172.94,12,36,12,"Right",148.71,6.67,1.605,"17"
182.81,13,45,16,"Left",63.37,9.3,1.61,"17"
188.06,14,16,6,"Right",350,-5.89,1.605,"17"
205.07,15,23,8,"Right",113.58,4.28,1.611,"17"
210.94,16,37,14,"Left",157.33,-8.99,1.605,"17"
220.33,17,32,12,"Left",291.36,9.53,1.609,"17"
233.06,18,50,18,"Left",338.27,5.55,1.609,"17"
240.54,19,39,14,"Left",213.97,5.29,1.607,"17"
247.29,20,19,8,"Left",145.56,-5.14,1.605,"17"
257.2,21,54,18,"Right",130.81,2.68,1.606,"17"
264.67,22,22,8,"Right",55.7,2.08,1.603,"17"
275,23,11,4,"Right",92.05,0.52,1.605,"17"
284.73,24,49,18,"Left",17.23,1.24,1.606,"17"
291.85,25,14,6,"Left",200.48,-0.57,1.601,"17"
301.37,26,29,10,"Right",207.97,-1.71,1.597,"17"
311.2,27,3,2,"Left",24.07,6.35,1.612,"17"
321.44,28,17,6,"Right",104.25,-0.11,1.602,"17"
330.17,29,55,20,"Left",203.83,-5.66,1.604,"17"
342.56,30,59,20,"Right",199.52,1.21,1.601,"17"
352.46,31,1,2,"Left",302.17,3.92,1.61,"17"
361.82,32,5,2,"Right",188.66,8.08,1.61,"17"
371.04,33,6,2,"Right",169.03,8.95,1.603,"17"
381.25,34,27,10,"Left",76.01,1.61,1.605,"17"
392.13,35,52,18,"Right",167.52,0.39,1.607,"17"
396.81,36,2,2,"Left",192.71,3.68,1.609,"17"
410.68,37,20,8,"Left",328.85,-3.1,1.603,"17"
422.64,38,58,20,"Right",164.45,0.92,1.605,"17"
431.55,39,34,12,"Right",259.03,-6.91,1.599,"17"
441.16,40,38,14,"Left",173.25,-7.08,1.604,"17"
450.92,41,51,18,"Left",251.85,5.97,1.603,"17"
458.57,42,30,10,"Right",329.85,-3.49,1.606,"17"
466.02,43,41,14,"Right",266.32,-5.25,1.604,"17"
475.02,44,56,20,"Left",10.57,-1.46,1.603,"17"
484.95,45,7,4,"Left",340.45,-1.86,1.61,"17"
492.18,46,33,12,"Left",55.86,2.78,1.603,"17"
498.8,47,46,16,"Right",97.8,6.07,1.609,"17"
507.87,48,28,10,"Right",165.25,-7.45,1.606,"17"
515.29,49,57,20,"Left",301.9,-1.31,1.608,"17"
522.12,50,44,16,"Left",206.8,7.76,1.596,"17"
531.13,51,15,6,"Left",268.24,3.88,1.607,"17"
542.64,52,13,6,"Left",253.5,-3.73,1.604,"17"
549.25,53,43,16,"Left",153.2,-4.15,1.603,"17"
556.32,54,9,4,"Left",311.58,-0.81,1.608,"17"
561.53,55,35,12,"Right",316.8,1.31,1.604,"17"
571.32,56,48,16,"Right",123.71,-1.17,1.603,"17"
583.3,57,18,6,"Right",216,0.47,1.603,"17"
586.94,58,47,16,"Right",343.76,0.67,1.604,"17"
591.88,59,53,18,"Right",40.74,3.93,1.607,"17"
599.09,60,31,12,"Left",228.25,-2.87,1.596,"17"
601.9,60,31,12,"Left",228.25,-2.87,1.605,"17"
143,2,6,2,"Right",194.66,-4.6,1.473,"18"
154.82,3,4,2,"Right",82.43,7.44,1.467,"18"
155.75,3,4,2,"Right",82.43,7.44,1.468,"18"
169.93,4,15,6,"Left",214.66,3.85,1.466,"18"
180.09,5,8,4,"Left",223.17,4.16,1.467,"18"
180.48,5,8,4,"Left",223.17,4.16,1.467,"18"
198.41,6,53,18,"Right",301.25,11.37,1.472,"18"
214.66,7,36,12,"Right",110.15,-11.3,1.469,"18"
225.19,8,23,8,"Right",161.28,-1.82,1.469,"18"
238.22,9,43,16,"Left",214.36,25.78,1.461,"18"
253.32,10,41,14,"Right",191.36,-6.98,1.466,"18"
266.07,11,49,18,"Left",32.18,10.52,1.464,"18"
268.38,11,49,18,"Left",32.18,10.52,1.466,"18"
270.89,11,49,18,"Left",32.18,11.47,1.465,"18"
284.54,12,2,2,"Left",64.22,16.42,1.461,"18"
288.76,13,38,14,"Left",191.83,-11.83,1.463,"18"
299.17,14,59,20,"Right",94.89,-3.41,1.468,"18"
311.65,15,35,12,"Right",285.78,3.44,1.466,"18"
323.24,16,22,8,"Right",63.57,10.38,1.467,"18"
332.19,17,28,10,"Right",206.77,3.53,1.467,"18"
341.99,18,39,14,"Left",56.07,9.11,1.469,"18"
351.82,19,3,2,"Left",71.84,16.64,1.466,"18"
363.88,20,57,20,"Left",30.12,21.27,1.467,"18"
379.77,21,54,18,"Right",96.01,3.14,1.465,"18"
388.95,22,17,6,"Right",272.1,-13.31,1.464,"18"
405.04,23,55,20,"Left",296.67,28.21,1.467,"18"
418.02,24,27,10,"Left",86.77,20.91,1.467,"18"
429.03,25,18,6,"Right",191.2,-7.22,1.467,"18"
431.17,25,18,6,"Right",191.2,-5.3,1.466,"18"
443.08,26,11,4,"Right",338.61,-14.99,1.466,"18"
456.43,27,10,4,"Right",105.46,-12.73,1.465,"18"
471.59,28,50,18,"Left",110.62,18.52,1.467,"18"
477.43,29,32,12,"Left",156.2,-6.61,1.466,"18"
486.76,30,51,18,"Left",208.57,14.71,1.469,"18"
497.37,31,19,8,"Left",337.05,23.16,1.464,"18"
499.75,31,19,8,"Left",337.05,23.16,1.463,"18"
510.39,32,5,2,"Right",181.83,13.9,1.443,"18"
526.42,33,42,14,"Right",79.7,-7.96,1.467,"18"
532.86,34,26,10,"Left",136.85,34.28,1.463,"18"
540.39,35,47,16,"Right",218.31,-1.65,1.464,"18"
558.96,36,31,12,"Left",348.99,12.52,1.464,"18"
569.98,37,45,16,"Left",30.07,-1.72,1.461,"18"
578.78,38,30,10,"Right",197.78,15.71,1.457,"18"
590.66,39,20,8,"Left",259.57,16.67,1.463,"18"
600.13,40,29,10,"Right",264.28,-10.27,1.463,"18"
613.18,41,56,20,"Left",97.29,18.54,1.466,"18"
626.11,42,13,6,"Left",44.94,16.53,1.464,"18"
636.99,43,1,2,"Left",316.86,20.8,1.462,"18"
642.42,44,9,4,"Left",140.74,13.05,1.461,"18"
662.05,45,25,10,"Left",22.37,28.44,1.463,"18"
669.58,46,37,14,"Left",155.93,24.07,1.465,"18"
679.3,47,44,16,"Left",43.53,33.37,1.46,"18"
688.69,48,46,16,"Right",302.88,-1.35,1.464,"18"
693.42,48,46,16,"Right",302.88,-11.66,1.466,"18"
703.03,49,14,6,"Left",20.89,20.29,1.465,"18"
709.5,50,24,8,"Right",81.77,3.05,1.467,"18"
716.17,51,52,18,"Right",72.76,-6.14,1.465,"18"
723.86,52,12,4,"Right",108.68,-2.25,1.462,"18"
731.54,53,40,14,"Right",359.12,-0.88,1.466,"18"
733.8,54,34,12,"Right",25.27,25.27,1.465,"18"
738.86,55,16,6,"Right",4.2,-16.01,1.468,"18"
747.66,56,21,8,"Left",137.56,13.71,1.466,"18"
759.27,57,7,4,"Left",257.99,34.43,1.465,"18"
766.18,58,48,16,"Right",355.66,-4.34,1.467,"18"
773.23,59,60,20,"Right",23.46,-3.98,1.466,"18"
781,60,58,20,"Right",244.56,-21.45,1.468,"18"
783.81,60,58,20,"Right",244.56,-21.45,1.465,"18"
799.49,60,58,20,"Right",244.56,1.61,1.469,"18"
802.2,60,58,20,"Right",244.56,1.61,1.462,"18"
803.62,60,58,20,"Right",244.56,1.61,1.469,"18"
807.43,60,58,20,"Right",244.56,-17.2,1.469,"18"
80.6,2,20,8,"Left",104.6,-1.76,1.557,"19"
111.95,3,49,18,"Left",31.15,-1.54,1.587,"19"
137.1,4,28,10,"Right",216.41,3.23,1.586,"19"
161.95,5,48,16,"Right",353.52,1.93,1.586,"19"
187.64,6,56,20,"Left",39.3,0.54,1.585,"19"
208.62,7,6,2,"Right",335.61,-0.57,1.59,"19"
221.74,8,33,12,"Left",349.72,2.13,1.59,"19"
237.57,9,14,6,"Left",206.32,2.8,1.589,"19"
254.85,10,46,16,"Right",123.91,4.2,1.588,"19"
273.24,11,32,12,"Left",224.65,-1.38,1.587,"19"
292.75,12,27,10,"Left",215.07,-2.28,1.588,"19"
304.6,13,30,10,"Right",57.89,4.2,1.588,"19"
317.38,14,47,16,"Right",4.52,2.09,1.587,"19"
337.7,15,34,12,"Right",92.13,10.79,1.589,"19"
354.77,16,3,2,"Left",250.05,7.52,1.59,"19"
367.41,17,38,14,"Left",179.59,-0.99,1.592,"19"
378.08,18,57,20,"Left",163.49,2,1.588,"19"
399.81,19,60,20,"Right",21.67,2.05,1.587,"19"
407.68,20,18,6,"Right",286.15,3.67,1.59,"19"
422.13,21,4,2,"Right",300.83,4.12,1.59,"19"
433.01,22,36,12,"Right",0.78,6.49,1.587,"19"
441.32,23,58,20,"Right",23.04,5.04,1.587,"19"
451.61,24,26,10,"Left",154,3.43,1.588,"19"
453.96,24,26,10,"Left",154,3.43,1.588,"19"
471.46,25,51,18,"Left",261.99,-1.4,1.587,"19"
491.84,26,53,18,"Right",47.9,2.8,1.588,"19"
502.31,27,16,6,"Right",83.08,2.96,1.587,"19"
503.95,27,16,6,"Right",83.08,2.96,1.582,"19"
515.56,28,24,8,"Right",24.69,8.34,1.586,"19"
534.48,29,9,4,"Left",356.42,-2.41,1.583,"19"
544.73,30,5,2,"Right",6.86,6.92,1.586,"19"
560.21,31,54,18,"Right",15.86,5.89,1.584,"19"
578.68,32,42,14,"Right",196.5,4.77,1.584,"19"
601.33,33,23,8,"Right",135.1,4.38,1.584,"19"
629.2,34,39,14,"Left",37.46,1.17,1.584,"19"
642.69,35,22,8,"Right",219.55,-2.48,1.586,"19"
655.34,36,29,10,"Right",320.08,5.1,1.583,"19"
681.16,37,37,14,"Left",289.84,5.31,1.585,"19"
698.43,38,31,12,"Left",332.03,-4.36,1.585,"19"
716.79,39,15,6,"Left",339.2,0.8,1.584,"19"
742.42,40,59,20,"Right",226.65,-5.23,1.583,"19"
762,41,25,10,"Left",89.98,8.08,1.586,"19"
782.23,42,19,8,"Left",355.86,3.26,1.583,"19"
799.6,43,17,6,"Right",12,0.25,1.583,"19"
808.92,44,10,4,"Right",3.96,7.89,1.584,"19"
823.15,45,1,2,"Left",221.77,11.23,1.584,"19"
834.3,46,7,4,"Left",94.81,10.17,1.585,"19"
855.88,47,35,12,"Right",175.5,5.99,1.587,"19"
870.92,48,8,4,"Left",321.6,3.32,1.581,"19"
888.42,49,52,18,"Right",352.78,-0.72,1.585,"19"
908.42,50,12,4,"Right",52.74,3.25,1.585,"19"
923.11,51,13,6,"Left",23.34,-4.81,1.583,"19"
938.45,52,55,20,"Left",322.18,-0.83,1.583,"19"
956.93,53,11,4,"Right",325.01,-2.36,1.583,"19"
969.38,54,41,14,"Right",90.69,8.53,1.581,"19"
987.91,55,40,14,"Right",38.66,3.17,1.582,"19"
998.2,56,21,8,"Left",274.02,-2.39,1.584,"19"
1011.44,57,43,16,"Left",81.56,1.93,1.583,"19"
1027.53,58,2,2,"Left",237.15,2.83,1.587,"19"
1042.51,59,45,16,"Left",314.42,-5,1.585,"19"
1058.58,60,44,16,"Left",305.62,3.7,1.585,"19"
1060.23,60,44,16,"Left",305.62,3.7,1.58,"19"
49.74,1,42,14,"Right",324.39,-5.45,1.584,"20"
52.78,1,42,14,"Right",324.39,-5.45,1.592,"20"
69.41,2,59,20,"Right",336.61,-5.14,1.593,"20"
87.91,3,57,20,"Left",164.81,4.49,1.591,"20"
103.1,4,45,16,"Left",6.21,-0.3,1.591,"20"
116.83,5,7,4,"Left",196.51,-0.96,1.589,"20"
130.14,6,51,18,"Left",28.21,0,1.593,"20"
153.88,7,16,6,"Right",162.96,-0.61,1.588,"20"
179.8,8,60,20,"Right",59.63,-0.19,1.577,"20"
197.97,9,55,20,"Left",70.01,0.32,1.586,"20"
205.6,10,41,14,"Right",323.32,-8.58,1.581,"20"
216.33,11,24,8,"Right",62.3,3.63,1.585,"20"
230.93,12,20,8,"Left",102.35,2.23,1.583,"20"
250.72,13,2,2,"Left",321.56,2.8,1.585,"20"
262.36,14,5,2,"Right",55.17,4.93,1.585,"20"
272.58,15,52,18,"Right",295.23,-4.39,1.589,"20"
274.47,15,52,18,"Right",295.23,-4.39,1.585,"20"
278.46,15,52,18,"Right",295.23,-1.44,1.585,"20"
285.41,15,52,18,"Right",295.23,-3.58,1.587,"20"
295.61,16,15,6,"Left",85.93,1.67,1.589,"20"
308.9,17,14,6,"Left",83.45,-1.43,1.588,"20"
324.56,18,8,4,"Left",290.63,-0.29,1.591,"20"
340.59,19,53,18,"Right",141.74,-4.41,1.589,"20"
357.27,20,46,16,"Right",122.1,1.52,1.584,"20"
368.47,21,34,12,"Right",107.53,-3.18,1.586,"20"
378.83,22,37,14,"Left",221.32,-1.26,1.586,"20"
387.95,23,31,12,"Left",62.79,-0.52,1.588,"20"
389.68,23,31,12,"Left",62.79,5.38,1.586,"20"
398.63,24,50,18,"Left",56.56,4.97,1.587,"20"
411.58,25,27,10,"Left",237.43,0.5,1.586,"20"
421.07,26,56,20,"Left",37.45,-1.85,1.586,"20"
432,27,11,4,"Right",342.48,-1.68,1.587,"20"
443.12,28,26,10,"Left",235.76,2.28,1.585,"20"
456.09,29,40,14,"Right",209.72,-1.23,1.59,"20"
462.55,30,19,8,"Left",172.01,7.31,1.588,"20"
474.77,31,32,12,"Left",265.08,7.09,1.583,"20"
483.02,32,29,10,"Right",327.76,4.16,1.583,"20"
489.03,32,29,10,"Right",327.76,-0.39,1.585,"20"
498.61,33,21,8,"Left",317.23,5.68,1.583,"20"
508.77,34,10,4,"Right",271.89,0.41,1.589,"20"
517.49,35,33,12,"Left",167.47,3.22,1.582,"20"
530.74,36,36,12,"Right",191.2,-1.77,1.58,"20"
543.85,37,38,14,"Left",294.65,8.05,1.586,"20"
551.69,38,39,14,"Left",67.05,4.4,1.583,"20"
574.42,39,9,4,"Left",308.65,0.73,1.585,"20"
589.61,40,18,6,"Right",267.23,-2.58,1.585,"20"
608.71,41,22,8,"Right",153.28,-1.28,1.576,"20"
620.64,42,13,6,"Left",186.35,3.02,1.585,"20"
630.97,43,23,8,"Right",44.52,0.18,1.582,"20"
640.43,44,30,10,"Right",72.35,6.32,1.578,"20"
648.41,45,17,6,"Right",102.44,-0.53,1.574,"20"
659.54,46,48,16,"Right",344.8,-7.69,1.585,"20"
681.12,47,6,2,"Right",332.6,4.92,1.574,"20"
694.09,48,28,10,"Right",179.39,8.45,1.571,"20"
700.83,49,54,18,"Right",41.34,1.91,1.589,"20"
718.16,50,3,2,"Left",28.65,-1.66,1.587,"20"
719.87,50,3,2,"Left",28.65,-1.66,1.582,"20"
733.64,51,35,12,"Right",240.54,-0.41,1.587,"20"
742.68,52,58,20,"Right",246.49,2.97,1.585,"20"
756.94,53,49,18,"Left",44.83,5.67,1.584,"20"
771.85,54,4,2,"Right",312,9.82,1.572,"20"
790.45,55,12,4,"Right",261.99,2.75,1.584,"20"
797.35,56,47,16,"Right",103.07,8.35,1.584,"20"
804.32,57,1,2,"Left",273.82,3.52,1.586,"20"
812.54,58,25,10,"Left",108.25,-3.4,1.584,"20"
815.83,58,25,10,"Left",108.25,2.12,1.582,"20"
823.07,59,44,16,"Left",128.78,10.58,1.584,"20"
829.82,60,43,16,"Left",159.06,5.28,1.583,"20"
838,60,43,16,"Left",159.06,7.32,1.584,"20"
96.38,2,50,18,"Left",265.26,-0.8,1.818,"21"
109.15,3,16,6,"Right",21.64,4,1.818,"21"
119.41,4,6,2,"Right",324.7,2.2,1.821,"21"
137.95,5,48,16,"Right",54.65,-2.36,1.815,"21"
153.91,6,36,12,"Right",57.73,3.21,1.814,"21"
156.34,6,36,12,"Right",57.73,3.21,1.816,"21"
177.25,7,49,18,"Left",353.85,-3.94,1.816,"21"
187.47,8,3,2,"Left",138.82,1.45,1.816,"21"
205.62,9,35,12,"Right",156.74,1.54,1.816,"21"
209.41,9,35,12,"Right",156.74,1.54,1.821,"21"
219.88,9,35,12,"Right",156.74,4.73,1.815,"21"
230.09,10,27,10,"Left",108.24,0.89,1.815,"21"
244.05,11,10,4,"Right",164.91,0.53,1.818,"21"
273.66,12,55,20,"Left",148.21,1.18,1.813,"21"
284.51,13,11,4,"Right",283.9,1.5,1.814,"21"
306.35,14,46,16,"Right",168.95,1.03,1.81,"21"
319.13,15,53,18,"Right",192.06,-0.45,1.809,"21"
349.95,16,43,16,"Left",246.59,-1.86,1.808,"21"
373.94,17,26,10,"Left",286.05,-0.52,1.805,"21"
390.92,18,29,10,"Right",101.13,2.13,1.807,"21"
413.06,19,40,14,"Right",305.91,-0.47,1.809,"21"
426.36,20,34,12,"Right",294.67,2.27,1.811,"21"
438.27,21,57,20,"Left",86.2,0.23,1.816,"21"
456.22,22,9,4,"Left",94.96,0.43,1.812,"21"
472.5,23,13,6,"Left",301.65,2.4,1.808,"21"
473.63,23,13,6,"Left",301.65,2.4,1.808,"21"
490.27,24,51,18,"Left",1.97,3.7,1.806,"21"
499.83,25,30,10,"Right",229.12,0.18,1.809,"21"
517.3,26,32,12,"Left",66.85,3.95,1.809,"21"
526.08,27,12,4,"Right",316.45,2.79,1.815,"21"
545.24,28,19,8,"Left",51.47,3.49,1.807,"21"
568.32,29,47,16,"Right",170.82,-2.53,1.807,"21"
578.62,30,18,6,"Right",312.16,-3.21,1.808,"21"
589.3,31,1,2,"Left",290.24,4.63,1.809,"21"
621.59,32,17,6,"Right",308.78,1.81,1.809,"21"
634.24,33,24,8,"Right",312.36,3.75,1.812,"21"
648.23,34,22,8,"Right",250.14,-0.62,1.805,"21"
662.93,35,28,10,"Right",330.61,5.07,1.809,"21"
672.48,36,59,20,"Right",69.62,1.21,1.806,"21"
680,37,33,12,"Left",134.26,-3.33,1.813,"21"
682.15,38,31,12,"Left",166.62,13.38,1.805,"21"
686.35,38,31,12,"Left",166.62,-0.11,1.805,"21"
696.52,39,4,2,"Right",237.41,7.67,1.809,"21"
706.35,40,7,4,"Left",284.81,-0.03,1.805,"21"
711.76,41,5,2,"Right",24.52,9.96,1.811,"21"
719.34,42,45,16,"Left",167.22,-4.69,1.803,"21"
741.15,43,37,14,"Left",31.37,-3.46,1.8,"21"
750.51,44,15,6,"Left",176.97,-5.38,1.804,"21"
759.12,45,20,8,"Left",85.85,-4.59,1.798,"21"
770.77,46,52,18,"Right",169.8,-0.72,1.806,"21"
787.25,47,44,16,"Left",9.51,-3.66,1.802,"21"
798.29,48,41,14,"Right",82.42,0.88,1.8,"21"
808.59,49,58,20,"Right",301.1,-2.21,1.807,"21"
814.9,50,25,10,"Left",175.07,-5.9,1.803,"21"
825.69,51,38,14,"Left",269.83,-7.14,1.799,"21"
832.5,52,8,4,"Left",197.39,-4.48,1.804,"21"
837.49,53,23,8,"Right",0.71,3.01,1.803,"21"
850.09,54,42,14,"Right",118.95,-0.95,1.804,"21"
864.98,55,21,8,"Left",219.88,-3.54,1.802,"21"
877.48,56,14,6,"Left",70.88,-5.35,1.799,"21"
885.44,57,54,18,"Right",323.61,-0.83,1.807,"21"
895.14,58,2,2,"Left",19.67,8.55,1.81,"21"
906.91,59,39,14,"Left",95.58,0.5,1.8,"21"
921.4,60,56,20,"Left",347.81,0.3,1.805,"21"
922.98,60,56,20,"Left",347.81,0.3,1.803,"21"
924.93,60,56,20,"Left",347.81,0.3,1.803,"21"
930.19,60,56,20,"Left",347.81,-0.28,1.803,"21"
932.34,60,56,20,"Left",347.81,-0.28,1.802,"21"
938.67,60,56,20,"Left",347.81,-0.28,1.804,"21"
942.52,60,56,20,"Left",347.81,-0.28,1.804,"21"
145.61,2,58,20,"Right",259.23,-2.77,1.596,"22"
159.93,3,45,16,"Left",151.76,-3.58,1.6,"22"
172.05,4,26,10,"Left",205.6,-10.06,1.6,"22"
205.81,5,35,12,"Right",241.33,-7.56,1.601,"22"
226.99,6,33,12,"Left",91.36,4.31,1.6,"22"
250.08,7,47,16,"Right",279.64,-3.15,1.596,"22"
275.16,8,42,14,"Right",88.81,0.07,1.594,"22"
308.16,9,60,20,"Right",31.04,-8.41,1.599,"22"
312.71,9,60,20,"Right",31.04,-8.41,1.596,"22"
322.49,10,10,4,"Right",255.69,6.05,1.604,"22"
335.64,11,48,16,"Right",267.3,-6.26,1.6,"22"
346.78,12,9,4,"Left",255.37,-4.35,1.603,"22"
358.84,13,8,4,"Left",229.28,-4.86,1.595,"22"
367.8,14,5,2,"Right",139.08,7.54,1.604,"22"
393.02,15,29,10,"Right",146.48,1.93,1.6,"22"
397.61,16,2,2,"Left",180.54,-0.54,1.6,"22"
424.77,17,49,18,"Left",272.62,1.79,1.601,"22"
433.18,18,11,4,"Right",39.42,5.99,1.606,"22"
446.79,19,16,6,"Right",129.1,9.21,1.602,"22"
476.64,20,30,10,"Right",151.7,0.22,1.607,"22"
478.01,20,30,10,"Right",151.7,0.22,1.611,"22"
507.28,21,46,16,"Right",332.27,10.86,1.6,"22"
513.51,22,12,4,"Right",35.23,-4.59,1.602,"22"
531.84,23,50,18,"Left",17.24,-1.14,1.599,"22"
538.2,24,3,2,"Left",229.86,0.86,1.6,"22"
555.27,25,31,12,"Left",46.33,0.09,1.598,"22"
564,26,1,2,"Left",215.33,1.16,1.601,"22"
577.52,27,43,16,"Left",256.01,8.9,1.594,"22"
589.04,28,7,4,"Left",262.09,2.81,1.597,"22"
604.52,29,28,10,"Right",228.54,10.71,1.597,"22"
608.94,29,28,10,"Right",228.54,10.71,1.602,"22"
631.28,30,56,20,"Left",275.73,8.37,1.602,"22"
639.88,31,18,6,"Right",3.83,1.08,1.605,"22"
666.68,32,36,12,"Right",214.84,2.07,1.602,"22"
688.45,33,53,18,"Right",232.74,17.89,1.6,"22"
704.69,34,54,18,"Right",272.32,5.32,1.596,"22"
713.9,35,15,6,"Left",300.5,-3.85,1.595,"22"
722.91,36,14,6,"Left",294.81,-5.51,1.595,"22"
736.22,37,55,20,"Left",307.16,0.64,1.591,"22"
745.24,38,20,8,"Left",83.43,7.6,1.597,"22"
755.55,39,27,10,"Left",325.02,8.47,1.595,"22"
763.5,40,23,8,"Right",320.82,-2.48,1.598,"22"
774.23,41,32,12,"Left",108.25,14.35,1.598,"22"
783.67,42,40,14,"Right",71.7,12.68,1.6,"22"
791.48,43,39,14,"Left",83.55,10.21,1.597,"22"
801.95,44,21,8,"Left",309.12,1.78,1.596,"22"
810.4,45,38,14,"Left",359.7,-1.04,1.596,"22"
823.19,46,22,8,"Right",204.58,10.16,1.601,"22"
835.36,47,34,12,"Right",123.48,6.33,1.593,"22"
844.2,48,4,2,"Right",35.96,12.84,1.603,"22"
854.37,49,51,18,"Left",296.96,5.65,1.595,"22"
855.06,50,59,20,"Right",36.61,36.61,1.595,"22"
862.94,50,59,20,"Right",36.61,-4.21,1.6,"22"
871.19,51,24,8,"Right",165.51,9.21,1.596,"22"
880.35,52,13,6,"Left",317.97,-6.35,1.6,"22"
890.18,53,52,18,"Right",274.64,8.8,1.6,"22"
901.86,54,44,16,"Left",19.31,-4.94,1.6,"22"
913.68,55,19,8,"Left",51.67,5.2,1.597,"22"
924.92,56,6,2,"Right",209.86,16.66,1.596,"22"
936.99,57,25,10,"Left",241.99,12.9,1.596,"22"
946.14,58,57,20,"Left",281.89,10.98,1.577,"22"
951.99,59,37,14,"Left",159.28,19.03,1.578,"22"
958.72,60,41,14,"Right",26,-2.62,1.584,"22"
962.52,60,41,14,"Right",26,-2.62,1.584,"22"
